CODE,XMMC,XMDZ,location,pname,city,vname
21538,三水市交通房产楼盘,文锋路,,,,
21540,全信大厦,佛山市三水区西南街道康岗路28号,,,,
21542,锦江豪庭,佛山市三水区芦苞镇龙坡三路1号,,,,
21553,丽日天鹅湖,佛山市三水区佛山市三水区云东海街道学海中路8号天泓苑,,,,
21590,城中建设房产楼盘,佛山市三水区,,,,
21607,聚福大厦,佛山市三水区西南街道三达路17号,,,,
21609,明智房产楼盘,佛山市三水区,,,,
21611,三水·深业云东海花园,佛山市三水区,,,,
21629,日美名轩,佛山市三水区西南街道三达路32号日美名轩,,,,
21636,三水恒福水岸花园,佛山市三水区,,,,
21642,三水恒福广场,佛山市三水区西南街道文锋东路2号三水恒福广场,,,,
21648,云东海高尔夫花园,佛山市三水区云东海街道学海中路1号云东海高尔夫花园,,,,
21652,明珠湾花园,佛山市三水区西南街道西河路六号,,,,
21657,华联房产楼盘,佛山市三水区,,,,
21660,北江明珠花园,佛山市三水区西南街道西河路1号,,,,
21014,颐澳湾花园,佛山市三水区西南街道文锋西路59号,,,,
21016,富和锦园,佛山市三水区西南街道锦江路8号,,,,
21018,富港房产楼盘,佛山市三水区,,,,
21022,海畔名苑,佛山市三水区,,,,
26434,灯湖华府,佛山市南海区桂城街道南海大道北8号,,,,
21028,山水凯旋花园,佛山市三水区白坭镇黄金大道19号之三,,,,
21038,山水凯旋花园,佛山市三水区黄金大道35号山水凯旋花园十五座、十六座,,,,
21040,大布沙第三小区,佛山市三水区大塘镇大布沙爱民西路11号,,,,
21043,赤岗小区,佛山市西南街道赤岗路15号,,,,
21045,大塘房产楼盘,佛山市三水区,,,,
21050,汇江名苑,佛山市三水区大塘镇大布沙半岛西路19号,,,,
21052,恒盛房产楼盘,佛山市三水区,,,,
21054,德兴四街,德兴四街二十三座,,,,
21056,第一建筑房产楼盘,佛山市三水区,,,,
21059,新城区十七小区,新城区十七小区,,,,
21061,月桂东,月桂东,,,,
21063,乐平广场花苑,佛山市三水区乐平镇府前路2号,,,,
21076,塘福路4号,佛山市三水区,,,,
21090,三建集团房产楼盘,佛山市三水区,,,,
21093,德兴小区,德兴二街十三座,,,,
21095,景翠轩,佛山市三水区白坭镇黄金大道39号之一,,,,
21667,御龙湾花园,佛山市三水区西南街道西青大道28号,,,,
21670,骏大房地产公司,三水市西南镇中山中路60号,,,,
21672,乐陶居,佛山市三水区,,,,
21678,城镇建设公司楼盘,十小区34、35、36座503,,,,
21682,山水凯旋花园,佛山市三水区白坭镇黄金大道19号之三,,,,
21683,捷和广场,佛山市三水区西南街道南丰大道23号,,,,
21687,奥利花园,佛山市三水区大塘镇大沙锦塘路8号,,,,
21685,山水庄园北区B组团,佛山市三水区云东海街道山水庄园(佛山市三水区西南街道林果场“笑天岩、九虱岩、芦顶”（土名）B号地),,,,
21690,景翠轩,佛山市三水区白坭镇,,,,
21775,岭南澳苑,佛山市三水区乐平镇南边大道18号,,,,
21820,智汇大厦,佛山市三水区西南街道环城路12号,,,,
21684,全信·御景南湖花园,佛山市三水区云东海街道千叶路3号,,,,
21689,三水恒福南湾华府,佛山市三水区西南街道沿江东路6号,,,,
21695,千叶花园,佛山市三水区云东海街道,,,,
21855,山水领寓,佛山市三水区西南街道塘福路3号,,,,
21693,山水领寓,佛山市三水区西南街道,,,,
21841,誉江华府,佛山市三水区白坭镇1234,,,,
21011,颐澳湾花园,佛山市三水区西南街道文锋西路59号,,,,
22304,俊景花园二期,佛山市南海区狮山镇官窑办事处瑶平路35号,,,,
22309,俊景花园,佛山市南海区官窑镇瑶平路35号,,,,
22315,豪景雅苑B区,南海区官窑镇瑶平路北开发区,,,,
22320,豪景雅苑,官窑镇瑶平路北侧,,,,
22328,俊惠花园,官窑镇康宁路,,,,
22329,桂城丽雅苑北区33-40座及27-43座的地下车库,南海大道北33号丽雅苑,,,,
22332,桂城丽雅苑中区14-16座及地下层车位,南海大道北33号丽雅苑,,,,
22335,丽雅苑四期摩托车位,南海大道北33号,,,,
22336,丽雅苑北区38-40座首二层车位,南海大道北33号丽雅苑,,,,
22338,桂城丽雅苑中区17-26座及车位,南海大道北33号丽雅苑,,,,
22340,桂城丽雅苑北区27-32、41-43座,丽雅苑小区内,,,,
22342,丽雅苑一期摩托车位,南海大道北33号,,,,
22343,桂城丽雅苑中区小区会所,会所,,,,
22345,丽雅苑二期摩托车位,南海大道北33号,,,,
22346,丽雅苑南区,佛山市南海区桂城南海大道北33号丽雅苑南区,,,,
22351,丽雅苑北区27-29、41-43座首、二层车位,南海大道北33号丽雅苑,,,,
22352,桂城丽雅苑中区9-12座及首层、二层车位,南海大道北33号丽雅苑,,,,
22354,桂城丽雅苑中区5-8座及首层二层、车位,南海大道号北33号丽雅苑,,,,
22356,丽雅苑三期摩托车位,南海大道北33号,,,,
22357,桂城丽雅苑中区1-4座及首、二层车位,南海大道北33号丽雅苑,,,,
22359,丽雅苑北区,南海大道北33号丽雅苑,,,,
22362,桂城丽雅苑南区物业管理用房,南海大道北33号丽雅苑,,,,
22363,西樵商贸广场（一期）,西樵轻纺城,,,,
22365,西樵雅居乐花园,西樵轻纺城东区,,,,
22369,桂南名都,广东省佛山市南海区桂城街道南桂东路66号桂南名都,,,,
22376,桂城花苑广场1-13、26、32、33座,南桂东路,,,,
22379,桂城花苑广场52-54、57-59座、幼儿园,南桂东路,,,,
22384,桂城花苑广场37、38、50、51座,南桂东路,,,,
22390,桂城花苑广场14-25、27-31、44座,南桂东路,,,,
22394,桂城花苑广场47-49、55、56、60-64座,南桂东路,,,,
22402,桂城翠逸庭苑,海三路,,,,
22404,桂城花苑广场34-36、39-43、46座、小学,南桂东路,,,,
26483,瑞安花园,佛山市南海区大沥镇黄岐广佛路南侧,,,,
22430,银丰花园南区,南海区盐步广佛公路横江路段28号,,,,
22441,银丰花园商住楼,南海市盐步广佛路横江路段,,,,
21097,绿湖爱伦堡花园,佛山市三水区云东海街道绿湖爱伦堡花园,,,,
21143,锦溢华庭,佛山市三水区,,,,
21163,锦盈嘉园,佛山市三水区西南街道口岸大道26号,,,,
21179,雅居乐,佛山市三水区,,,,
21223,誉泰景园,佛山市三水区西南街道锦江路7号,,,,
21228,华侨新村,西南街道华侨新村北,,,,
21230,房管住宅公司,教育西路5号二座,,,,
21235,雍翠新城,佛山市三水区,,,,
21246,丽日坚美森林湖,佛山市三水区云东海街道云东海大道6号,,,,
21268,文城房产楼盘,佛山市三水区,,,,
21270,林海尚都,佛山市三水区云东海街道云东海大道1号,,,,
21285,三水商业城,佛山市三水区西南镇广海大道中27号,,,,
21287,粤三房产小区,三水区乐平镇南边市场东路2号,,,,
21289,尚南雅筑,佛山市三水区西南街道南丰大道七号,,,,
21291,逸涛房产楼盘,佛山市三水区,,,,
21294,逸和名居,佛山市三水区西南街道塘九路12号,,,,
21296,奥林匹克花园,佛山市三水区西南街道广海大道东26号,,,,
21306,时代廊桥花园,佛山市三水区,,,,
21334,萌茵花园,佛山市三水区南山镇民乐一路1号萌茵花园,,,,
21346,山水龙盘花园,佛山市三水区白坭镇,,,,
21376,闽强房产楼盘,佛山市三水区,,,,
21386,山水庄园,佛山市三水区西南街道三水大道中山水庄园128号,,,,
21415,冠益房产楼盘,佛山市三水区,,,,
21417,御江南国际社区,佛山市三水区西南街道金泉大道3号,,,,
21482,东海蓝湾,佛山市三水区,,,,
21500,东海蓝湾,佛山市三水区教育东路11号,,,,
21502,百合嘉园,佛山市三水区,,,,
21520,教育西路,教育西路小区,,,,
21522,成业汇景苑,佛山市三水区,,,,
21530,人民三路,人民三路100号706,,,,
21532,海侨小区,西南街道海侨街三巷,,,,
21534,沙头开发区一小区,涌南一街7号二座,,,,
21536,沙头小区,沙头小区,,,,
21930,登骏数码城,佛山市三水区乐平镇,,,,
21905,雅居乐雍景园,佛山市三水区西南街道德兴北路2号,,,,
21945,恒达永安广场,佛山市三水区西南街道张边路8号恒达永安广场,,,,
21890,朗月华庭,佛山市三水区白坭镇黄金大道92号,,,,
21935,南景湾花园,佛山市三水区乐平镇南边大道103号,,,,
21885,朗月华庭,佛山市三水区白坭镇黄金大道92号,,,,
21631,山水一品花园,佛山市三水区西南街道三兴路11号,,,,
26632,仙湖盛世家园3栋,广东省佛山市南海区丹灶镇仙湖环湖路6号仙湖盛世家园3座,,,,
21958,金碧商城,南海区大沥金城大道,,,,
21961,金雅轩,南海市大沥城区城南二路,,,,
26424,智博花园,佛山市南海区大沥镇桂和路西水头路段,,,,
26430,柏悦华府,佛山市南海区里水镇-里水大道中163号,,,,
21966,金碧华庭,南海市大沥镇金城大道,,,,
26633,仙湖盛世家园4栋,广东省佛山市南海区丹灶镇仙湖环湖路6号仙湖盛世家园4座,,,,
21980,金名商厦,南海区大沥镇桂江路西南侧金城商住小区,,,,
21985,硫都大厦,南海市大沥桂江路金城小区内,,,,
21995,金逸轩,南海市大沥城区育英南路5号,,,,
21997,嘉怡花园,南海市大沥区广云路嘉怡花园,,,,
22003,南海祈福南湾半岛花园,佛山市南海区丹灶镇祈福南湾半岛花园,,,,
22064,康景轩,南海区西樵镇启沅路6号,,,,
22066,豪景楼,西樵官山海北东路8号,,,,
22068,西樵汇丰半岛花园,"佛山市南海区西樵镇西樵村""吉水窦""",,,,
22070,南海祈福南湾半岛,佛山市南海区丹灶镇祈福南湾半岛,,,,
22151,祈福湖滨南岸,佛山市南海区丹灶镇仙湖旅游度假区,,,,
22155,祈福湖滨花园,佛山市南海区丹灶镇仙湖旅游度假区,,,,
22167,兴隆楼,南海区狮山镇小塘塘新中路63号兴隆楼,,,,
22169,兴城花苑,小塘镇狮山新城开发区,,,,
22671,金珀顿楼,大沥镇黄岐广佛路（嘉洲广场侧）,,,,
22673,中南海晖园,佛山市南海区黄岐南海路,,,,
22680,中南花园二期,广佛家私城侧,,,,
26448,银汇华庭,佛山市南海区丹灶镇,,,,
26442,银汇华庭,佛山市南海区丹灶镇桂丹西路11号,,,,
26447,欧浦城市花园,佛山市南海区狮山镇科技西路6号,,,,
22690,华辉花园第六期,盐步平地大道,,,,
22692,富逸居,盐步区环镇路富逸居,,,,
22694,河西花园,南海市盐步区河西大道河西花园,,,,
26461,承展大厦北楼,佛山市南海区桂城街道海四路19号,,,,
22700,康怡居,佛山市南海区盐步新城区建设西路,,,,
22705,骏怡居,南海市盐步区环镇路,,,,
22710,雅居蓝湾,佛山市南海区大沥镇盐步穗盐东路33号,,,,
22753,裕景花园,盐步区盐步大道涌表段东侧裕景花园,,,,
22756,金信花园,南海市里水镇南盐公路沙涌段,,,,
22758,盛丰花园,乐安开发区七区,,,,
22759,富盈嘉庭,佛山市南海区罗村街道乐安开发区南二路7号,,,,
22761,富景花园,乐安开发区北区,,,,
22766,鸿安庭苑,乐安开发区七区,,,,
22770,同乐花园,佛山市南海区罗村街道乐安同乐花园乐怡楼,,,,
22771,乐城花苑,乐安开发区七区十小区,,,,
22773,富安花园,罗村乐安机场路南侧,,,,
22777,富丽新村,罗村乐城三路60号,,,,
22779,天安鸿基花园三期,南海区狮山镇松岗南国桃园天安鸿基花园,,,,
22799,天安鸿基花园一期,南海市松岗镇南国桃园鸿基大道两侧,,,,
22819,天安鸿基花园二期,佛山市南海区松岗镇南国桃园,,,,
22834,香格里拉花园四期公寓,广东省佛山市南海区狮山镇松岗南国桃园香格里拉花园,,,,
22886,骏景豪庭二期,"南海区盐步重穗盐东路虎榜经济社""橙""地段",,,,
22843,香格里拉花园一期,广东省佛山市南海区狮山镇松岗南国桃园香格里拉花园,,,,
22883,香格里拉花园别墅,广东省佛山市南海区狮山镇松岗南国桃园香格里拉花园,,,,
22888,金溪蓝湾,佛山市南海区里水镇和顺官和路北二街3号,,,,
22896,雅居轩,佛山市南海区大沥镇盐步皇朝西路9号,,,,
22898,雅居尚筑,佛山市南海区大沥镇盐步,,,,
22903,碧水湾,大沥镇黄岐北村公路,,,,
22922,金莎蓝湾,佛山市南海区丹灶镇金宁社区桂丹西路12号,,,,
22928,骏景豪庭A座,盐步镇盐桂路,,,,
22930,骏景豪庭三期,佛山市南海区大沥盐步街道跃进路37号,,,,
22935,骏景豪庭B座,南海市盐步镇盐桂路,,,,
22937,碧翠苑,佛山市南海区大沥镇穗盐东路8号,,,,
22945,珠江半岛花园,南海市黄岐区北村水闸侧,,,,
22958,宏威大厦,黄岐广佛路105号宏威大厦,,,,
22959,宏威新村,黄岐区宏威路,,,,
22962,宏威中心,黄岐区宏威路,,,,
22964,广东中大小商品城,广东佛山市南海区盐步广佛公路平地路段南43号,,,,
22982,芳菲苑,佛山市南海区罗村镇机场路,,,,
22992,嘉禾新城美丽家园,罗村镇乐安开发区机场路,,,,
23016,嘉禾新城,罗村镇机场路,,,,
23018,乐信豪庭,南海市罗村镇乐信豪庭联星大道南区,,,,
23020,雅居豪庭,罗村镇桂丹路罗村路段,,,,
23023,海星居,佛山市南海区罗村街道北湖二路,,,,
26467,和丰颖苑,佛山市南海区丹灶镇桂丹西路121号,,,,
23032,俊雅名园,罗村镇桂丹路罗村路段,,,,
23041,罗湖花园,罗村镇罗湖中路,,,,
23046,俊雅苑,罗村镇桂丹路罗村路段金湖三街,,,,
23049,罗村花苑A区,罗村镇府前路,,,,
23052,湖景苑,佛山市南海区罗村北湖三路,,,,
23061,豪景花苑,罗湖北区金湖三街,,,,
23062,银海花园,佛山市南海区大沥镇黄岐广佛路1号区广佛路1号,,,,
23063,岐苑大厦,南海市黄岐区鄱阳路,,,,
23067,怡富广场,南海市黄岐区黄海路,,,,
23069,基业花园17-25号楼,平洲区三山基业花园内,,,,
26444,星辰花苑,佛山市南海区罗村街道联星社区居委会南区六路3号,,,,
26501,越隆轩,佛山市南海区桂城街道-桂城,,,,
26506,憬晖华府,佛山市南海区九江镇洛浦路28号之二,,,,
26991,狮山镇小塘城区思贤东邨恒悦楼,佛山市南海区狮山镇-小塘,,,,
22187,绿泉花园,西岸庆云大道侧,,,,
22190,汇丰花园,西樵碧玉区,,,,
22192,振锋楼,西樵江浦西路,,,,
22194,富春江A座,西樵马头岗,,,,
22197,汇泉花园,佛山市南海区西樵坑边塱,,,,
22202,华景楼,小塘镇城区前进路,,,,
22203,俊惠楼,小塘城区思贤东村,,,,
22204,惠雅苑,小塘镇城区三环路,,,,
22211,锦绣花园1、2、3、4、5号楼,小塘狮山新城塘新街一路,,,,
22214,业雅花苑,小塘城区永安路,,,,
22217,金鹰楼,小塘镇城区三环路,,,,
22219,业翠花苑,狮山镇小塘城区思贤北村,,,,
22227,骏铭花园3号楼,南海区狮山镇小塘城区思贤东邨骏铭花园3号楼,,,,
22228,丽景楼,小塘镇城区前进路,,,,
22230,源盛楼,小塘镇城区教育路,,,,
22233,锦绣花苑B区,佛山市南海区狮山新城塘新一路锦绣花苑B区,,,,
22234,七星山庄,佛山市南海区西樵镇西岸,,,,
22235,江滨花园海怡居,佛山市南海区西樵镇樵高路江滨花园内,,,,
22264,海怡居第五期,西樵大桥右侧,,,,
22271,江滨花园滨城,佛山市南海区西樵镇樵高路江滨花园内,,,,
22276,海怡居二期商品房,江滨花园内,,,,
22278,海怡居四期,官山城区江滨花园内,,,,
22285,海怡居三期商品房,江滨花园内,,,,
22294,海怡居一期商品房,江滨花园内,,,,
26456,嘉裕华轩,佛山市南海区九江镇南方社区南兴路48号,,,,
26433,和丰颖苑,佛山市南海区丹灶镇桂丹西路121号,,,,
22301,枫景居庭,南海区官窑镇振兴路,,,,
23523,黄岐瑞丽花园D、E座,黄岐,,,,
23527,黄岐瑞丽花园I、J、K、L座,黄岐,,,,
23532,桂城石丽景苑,桂城石,,,,
24382,时代名轩,广东省佛山市南海区桂城街道南一路31号,,,,
24403,碧翠华庭,南海黄歧洞庭路,,,,
24412,南港名轩,广东省佛山市南海区桂城街道平洲南港路4号南港名轩,,,,
24417,向明苑3期,佛山市南海区九江镇沙头北村,,,,
24424,名汇城市花园,佛山市南海区大沥镇城南二路,,,,
24426,海逸锦绣桃园,佛山市南海区狮山镇松岗商业大道39号,,,,
24441,海逸锦绣誉峰苑,佛山市南海区狮山镇松岗商业大道50号,,,,
24444,海逸盛世雅居,佛山市南海区狮山镇松岗大道5号,,,,
24446,滨江名苑,佛山市南海区狮山镇小塘开发区“高低亭”地段,,,,
24455,保利花园,广东省佛山市南海区桂城街道海七路39号,,,,
24499,保利水城公馆,广东省佛山市南海区桂城街道灯湖西路20号,,,,
24505,保利东语花园,广东省佛山市南海区狮山镇松岗禅炭路901号,,,,
24519,保利星座花园,佛山市南海区桂城A16街区,,,,
24526,保利水城,广东省佛山市南海区桂城街道灯湖西路20号保利水城,,,,
24529,时代倾城,南海区罗村街道北湖一路4号,,,,
24552,豪景新城,佛山市南海区狮山镇官窑瑶平路37号,,,,
24576,江南名居锦苑,佛山市南海区桂城南一路39号,,,,
24578,江南名居,佛山市南海区桂城海八路G14街区,,,,
24603,天安南海数码新城,佛山市南海区桂城简平路1号,,,,
24633,合生君景湾,佛山市南海区里水镇南盐公路,,,,
24655,碧琴湾,佛山市南海区桂城街道平洲南港路12号,,,,
24668,凰樵圣堡,南海区西樵镇北江大堤路2号,,,,
24723,汇星苑,小塘育才街6号,,,,
24729,丽湖名轩,佛山市南海区西樵镇银杏路6号,,,,
24747,翠园雅居,佛山市南海区西樵镇银杏路9号翠园雅居,,,,
24755,时尚丽居,佛山市南海区丹灶镇金沙金港路时尚丽居,,,,
24760,时尚名居,佛山市南海区丹灶镇金沙金兴路时尚名居,,,,
24762,西堤国际花园,广东省佛山市南海区狮山镇小塘三环东路8号,,,,
23685,天伦华府,佛山市南海区大沥镇金三东路4号,,,,
23689,桂城俊怡花园,桂城叠滘大道,,,,
23700,桂城名翠阁,桂城48街区,,,,
23702,桂城嘉乐园,桂城南二路,,,,
23709,西樵碧云轩,西樵樵乐路,,,,
23711,翠庭轩,南海区桂城海三路,,,,
23717,丽景苑,南海市里水镇夏塘路36号,,,,
23719,丽景花苑,佛山市南海区大沥沥中周合路,,,,
23721,怡雅苑,盐步蟾龙北路,,,,
23725,聚龙花园怡乐居,盐步海傍北路,,,,
23727,怡雅名苑,南海区丹灶镇金宁社区金业路4号怡雅名苑,,,,
23733,盐步聚龙花园,盐步蟾龙北路,,,,
26431,佛山市电力科技产业中心,佛山市南海区桂城街道季华东路33号,,,,
23737,桂城金菊村住宅小区,桂城南海大道金菊村,,,,
23750,西樵康和商贸中心,西樵联新管理区内,,,,
23756,碧湖花园,平洲,,,,
23764,晓峰豪庭,大沥横岗大浩湖渡假区内,,,,
23766,雍怡雅居,大沥横岗大浩湖渡假区内,,,,
23777,骏景豪苑,大沥横岗大浩湖渡假区内,,,,
23783,白天鹅花园,黄歧海北白天鹅花园,,,,
26443,广佛新世界庄园广环路嘉朗湖畔,佛山市南海区大沥镇高尔夫路333号,,,,
23791,嘉华大厦,大沥爱善坊,,,,
23797,兴隆大厦,大沥兴隆街兴隆大厦,,,,
23801,聚福苑,大沥兴隆街76号,,,,
23805,嘉惠楼,大沥联滘路嘉惠楼,,,,
23810,和基花园A区,南海区桂城南海大道中７号,,,,
23814,里水商贸中心,里水镇夏塘路,,,,
23817,毅怡新天地广场,佛山市南海区桂城街道桂平西路1号,,,,
23819,绿琴花城,南海市里水南盐路沙涌段,,,,
23825,金叶·阳光新城,佛山市南海区狮山镇松岗大道南13号,,,,
23857,星晖园,佛山市南海区桂城街道文华北路23号,,,,
24783,桂江农产品综合批发中心31栋,广东省佛山市南海区大沥镇沥雅路9号桂江农产品综合批发中心,,,,
24787,一德名苑,广东省佛山市南海区大沥镇沥雅路8号,,,,
24789,领地海纳天河花园,佛山市南海区大沥镇盐步盐秀路1号,,,,
24802,锦逸豪庭,佛山市南海区丹灶镇金宁社区金业路6号,,,,
24813,悦园小区（西区）,南海里水洲村村“岗美岗”,,,,
24817,糖果雅苑,佛山市南海区里水镇草场蟹坑村里横路糖果雅苑,,,,
24825,悦园小区(东区),南海区里水镇洲村“岗美岗”,,,,
24829,糖果花园,佛山市南海区里水镇草场大道中5号之一,,,,
24838,悦园小区地下室,里水镇洲村“岗美岗”,,,,
24842,悦园小区（南区）,南海里水洲村“岗美岗”,,,,
24846,嘉悦名居,佛山市南海区大沥镇黄岐街道广佛路黄岐段123号,,,,
24850,恒富嘉庭,罗村街道乐安乐城二路北3号,,,,
24856,峰景湾,佛山市南海区里水镇里水大道南51号,,,,
24862,科教新村,佛山市南海区丹灶镇科教路4号,,,,
24863,宏怡雅花苑,广东省佛山市南海区丹灶镇金宁社区金兴路12号,,,,
24865,时代峰云名居,南海区狮山镇阳光路5号,,,,
24879,奥米茄花园,南海区狮山镇人民路,,,,
24885,水韵尚都,南海区桂城街道海七路6号水韵尚都,,,,
24892,怡佳名苑,罗村街道新湖一路2号,,,,
24903,金域华庭,佛山市南海区大沥镇博爱东路3号,,,,
24919,和丰明苑,佛山市南海区丹灶镇工业大道13号,,,,
24931,海逸锦绣蓝湾,佛山市南海区里水镇甘蕉路101号海逸锦绣蓝湾,,,,
24941,月明轩,广东省佛山市南海区狮山镇小塘塘新中路28号,,,,
24943,洛涛居,广东省佛山市南海区狮山镇小塘兴隆街9号,,,,
24945,水晶湾花园,佛山市南海区狮山镇狮城路9号,,,,
24961,金棕榈湾,广东省佛山市南海区大沥镇虹岭四路33号,,,,
24982,金棕榈园,广东省佛山市南海区大沥镇长岗南路26号,,,,
24985,丽庭轩,广东省佛山市南海区狮山镇小塘四环路18号,,,,
24987,美邦公寓,广东省佛山市南海区桂城天佑三路11号,,,,
24990,都市晴园,佛山市南海区丹灶镇有为大道28号,,,,
24998,尚东豪庭,佛山市南海区狮山镇小塘四环路42号,,,,
25002,南海颐景园,佛山市南海区桂城华翠南路6号,,,,
25027,荟景豪庭,南海盐步联桂路,,,,
25043,嘉洲广场,佛山市南海区广佛一路98号,,,,
23534,南海湖景湾花园,南海狮山区狮山城区,,,,
23569,桂城翠湖新村,桂城南海大道中,,,,
23572,桂城翠湖新村-翠鸣苑,桂城南海大道中,,,,
23580,桂城泽景苑,桂城,,,,
23582,桂城俊怡花园旧区,桂城,,,,
26422,樵山明珠花园,佛山市南海区西樵镇-西樵,,,,
26429,樵山明珠花园,佛山市南海区西樵镇-西樵,,,,
23590,桂城海景花园,桂城海六路,,,,
23609,大沥星河广场,大沥城区芦村东侧,,,,
23612,盛大阳光花园,佛山市南海区西樵镇樵丹路5号,,,,
23615,融创理想家园,南海丹灶金沙桂丹西路8号,,,,
23623,地铁金融城,广东省佛山市南海区桂城街道海八东路32号,,,,
23633,九江商业大厦,南海区九江镇太平西路46号之一,,,,
23637,莲声雅居,佛山市南海区狮山镇莲子塘村东一村“北编兴”地段首层商铺,,,,
23642,怡翠世嘉花园,佛山市南海区桂城D11街区A宗地,,,,
23655,上林苑,广东省佛山市南海区狮山镇小塘三环东路9号,,,,
23669,新雅名轩,佛山市罗村街道北湖二路6号,,,,
23672,荣丰置业大厦,佛山市南海区丹灶镇珍丰路1号荣丰置业大厦,,,,
23674,银汇华庭,佛山市南海区丹灶镇金宁社区桂丹西路11号,,,,
23677,华创商业广场,广东省佛山市南海区大沥镇盐步广佛路平地段88号,,,,
22443,银丰花园综合楼,南海市盐步区广佛路横江路段银丰花园北区综合楼,,,,
22445,冠曦苑,佛山市南海区大沥镇广佛路横江段6号,,,,
22453,俊景花园,狮山中心城区,,,,
22485,俊景花园俊博苑,佛山市南海区狮山中心城区人民西路北侧,,,,
22495,和富家园,佛山市南海区狮山中心城区狮城中路和富家园,,,,
22500,俊景花园H区,佛山市南海狮山俊景花园H区,,,,
22516,俊景花园B区,佛山市南海区狮山俊景花园B区,,,,
22525,穆天子山庄,南海市狮山区狮山大道83号,,,,
22586,桂城德宝花苑,桂城叠南,,,,
22590,名雅花园,南海市黄岐区北村大道,,,,
22614,鸿晖都市产业新城,佛山市南海区桂城街道桂平中路65号,,,,
26496,美立方花园,佛山市南海区狮山镇红星南路,,,,
22619,康怡花园,平洲区商业城内,,,,
22633,乐怡花园,平洲平洲商业城内,,,,
22640,康怡丽苑,佛山市南海区平洲佛平五路与桂平东路交汇处,,,,
22654,康怡花园四期,佛山市南海区桂城街道南港路2号,,,,
22660,依岸康堤花园,佛山市南海区桂城街道桂平中路63号,,,,
23079,三山综合市场,平洲区三山西江村侧,,,,
23081,桂城御景苑,海六路,,,,
23086,丹灶湖景公寓,丹灶仙湖,,,,
23090,朗晴轩,平洲区三山基业花园内,,,,
23105,基业花园,平洲三山,,,,
23107,桂城豪贤花园,桂城叠漖大道,,,,
23109,桂城嘉骏苑,桂城海二路,,,,
23115,桂城金桂花园,桂城海三路,,,,
23119,桃园名苑,松岗镇新城区桥西,,,,
23124,松岗商业广场,南海区松岗镇禅炭路东侧,,,,
23126,柏涛轩,松岗镇沿江路西段,,,,
23130,富景花园,佛山市南海区桂城街道平洲南港路,,,,
23148,海逸城市花园,平洲平西福宁围,,,,
26538,领地海纳公馆商业楼,佛山市南海区里水镇-里水,,,,
23159,嘉庆花园嘉庆楼,狮山镇小塘四环路45号,,,,
23165,嘉庆花园嘉怡楼,狮山镇小塘城区四环路,,,,
23166,裕祥轩,佛山市南海区狮山镇小塘塘新中路65号,,,,
23170,桂城骏成花园,桂城海三路北侧G4街区,,,,
23181,桂城兴业新邨,南海大道,,,,
23209,桂城怡翠花园二期,南海桂城,,,,
23216,桂城怡翠花园四期,桂城佛平路3号,,,,
23218,怡翠馨园,佛山市南海区桂城街道简平路2号,,,,
23239,桂城怡翠花园三期,南海桂城,,,,
23244,桂城怡翠花园一期,桂城,,,,
23247,黄岐商业中心,佛山市南海区黄岐宏威路,,,,
23262,雍景商城,佛山市南海区盐步穗盐路,,,,
23269,雅居乐御景名门花园,广东省佛山市南海区大沥镇广佛新干线盐步地段御景名门花园,,,,
23284,花地湾雍景豪园,南海市盐步镇穗盐路花地湾雍景豪园,,,,
23358,星照人家花园,"佛山市南海区里水镇甘蕉村上街""虎头岗""",,,,
23371,金纺楼,西樵轻纺城,,,,
23373,海畔花园,南海市和顺镇金逢路北侧灶岗段,,,,
23383,桂城鹿璟村,佛山市南海区桂城,,,,
23394,桂城富豪住宅小区,南新一路12号至22号,,,,
23417,御景城市花园,佛山市南海区佛平路南侧,,,,
23425,桂城雅景楼,桂城岗74区,,,,
23427,亮庭轩,佛山市南海区桂城街道南海大道北32号,,,,
27116,万怡新都,佛山市南海区狮山镇-小塘兴祥东邨,,,,
23432,桂城七街区苑中苑,桂城南兴四路,,,,
23434,桂城金华居0176,桂城海三路,,,,
23438,桂城金瑞大厦,桂城海三路,,,,
23440,桂城毓苑小区,桂城,,,,
25874,凯业公馆,南海区狮山镇小塘福源路2号凯业公馆,,,,
23443,桂城豪景楼,桂城,,,,
23445,恒盛轩,广东省佛山市南海区狮山镇松岗桃园一路8号,,,,
23447,俊琴轩,佛山市南海区桂城街道南海大道北58号俊琴轩,,,,
23449,碧云轩,大沥凤池新区碧云轩,,,,
23451,桂城东二路口商住楼,桂城东二路口,,,,
23453,盛景楼,桂城街道佛平二路南侧兴一路西侧28街区,,,,
26476,翠林豪庭,佛山市南海区里水镇-里水上亨田路3号,,,,
23456,桂城东海花园,桂城南海大道58街区,,,,
27127,<null>,<null>,,,,
27131,<null>,<null>,,,,
23472,清华园,佛山市南海区桂城南新一路,,,,
23475,桂城东怡花园,桂城桂澜中路6号,,,,
23498,桂城名苑二区,桂城南一路,,,,
23505,名苑三区,桂城南一路西侧G5街区,,,,
23508,南粮-里水商品楼,里水,,,,
23511,俊景花园一、二期,狮山区中心城区,,,,
25917,碧翠豪城,罗村镇罗湖大道北湖一路,,,,
25935,星海豪庭,佛山市南海区丹灶镇横江海滨东路36号,,,,
25937,仙湖花园13号楼,南海区丹灶镇仙湖旅游度假区,,,,
25938,仙湖花园12号楼,南海区丹灶镇仙湖旅游度假区,,,,
25939,嘉怡名苑,佛山市南海区里水镇和顺文教路8号,,,,
25945,碧玉豪庭,佛山市南海区西樵镇江浦东路51号,,,,
25952,豪润名苑,佛山市南海区罗村罗湖区北湖二路,,,,
25958,富悦楼,佛山市南海区罗村乐安开发区十四小区,,,,
25960,汇晖豪庭,佛山市南海区罗村街道旺芝南街1号,,,,
25962,文华居,佛山市南海区罗村街道罗湖区状元路文华居,,,,
25968,向明苑,南海区沙头镇北村向明苑,,,,
25969,向明苑住宅小区A1型1座、2座、3座、A2型5座、6座,沙头镇北村向明苑,,,,
26453,海逸锦绣公馆,佛山市南海区里水镇甘蕉村委会上街村“虎头岗”,,,,
25971,富安花园B区,乐城二路,,,,
26455,承展大厦北楼,佛山市南海区桂城街道海四路19号,,,,
26481,广佛新世界庄园佛环路云悦果岭,佛山市南海区大沥镇高尔夫路333号,,,,
26452,朗晴轩,佛山市南海区罗村街道北湖二路4号,,,,
26521,<null>,<null>,,,,
23878,阳光·海岸花园,九江镇江滨路,,,,
23891,阳光··海岸花园二期,佛山市南海区九江镇江滨新区镇政府侧,,,,
23901,四季康城,"佛山市南海区西樵崇南黎涌村""黎涌塱""东区",,,,
23917,大沥商业步行街,大沥城南二路,,,,
23920,海琴轩,佛山市南海区大沥镇城区工业大道31号,,,,
23927,星琴花园,南海区桂城海辉路11号,,,,
23930,和桂商业广场,佛山市南海区和顺镇和桂工业园内,,,,
23936,西樵金典广场,佛山市南海区西樵登山大道,,,,
23942,四季花城,黄岐浔峰洲路8号,,,,
24036,聚豪花苑二期,南海区西樵镇西樵山环山大道山根段侧,,,,
24053,碧豪轩,佛山市南海区西樵镇龙角路2号,,,,
24055,樵晖新城聚豪花苑,南海区西樵镇西樵山环山大道山根段侧,,,,
24080,金龙大厦,南海西樵镇江浦东路34号,,,,
24082,金碧海岸花园,佛山市南海区里水镇草场村,,,,
24152,骏雅豪园,盐步穗盐路“石涌北”路段,,,,
24162,汇江假日花园,佛山市南海汇江物业有限公司,,,,
24196,德明大厦,南海区大沥镇体育路,,,,
24199,中环广场,南海市黄岐区宏威路,,,,
24201,黄岐瑞丽花园,黄岐沿江路,,,,
24205,金辉名居,九江,,,,
24208,洛明楼,南海区九江镇洛浦大道19号,,,,
24211,洛阳楼A座,南海市九江镇洛浦大道开发区,,,,
24212,洛阳楼B座,南海市九江镇洛浦大道开发区,,,,
24213,儒林园,南海市九江镇儒林东路68-70号,,,,
24214,景辉楼,佛山市南海区九江镇洛浦大道开发区,,,,
24216,高逸华轩,佛山市南海区九江镇上西村委会新堤西路38号,,,,
24218,洛昌楼,南海区九江镇洛浦大道46号,,,,
24219,洛霞楼,南海市九江镇洛浦大道开发区,,,,
24221,洛晴楼,南海区九江镇下西洛浦大道开发区,,,,
24222,洛昊楼,南海区九江镇洛浦大道62号,,,,
24224,金港湾,佛山市南海区九江镇新堤西路22号,,,,
24226,金港湾商业中心,佛山市南海区九江镇新堤西路20号,,,,
24228,海逸盛世桃园,佛山市南海区狮山镇松岗新城区桥西,,,,
24233,中海万锦东苑,广东省佛山市南海区桂城街道宝翠北路33号,,,,
24242,中海万锦豪园,广东省佛山市南海区桂城街道锦园路8号,,,,
24283,中海金沙湾,广东省佛山市南海区大沥镇黄岐建设大道1号中海金沙湾,,,,
24331,翠鸣轩,佛山市南海区桂城街道南海大道北9号之一,,,,
24333,金色家园,佛山市南海区桂城桂平西路16号,,,,
24354,金御华府,佛山市南海区桂城桂平西路8号,,,,
24374,洛浦园,佛山市南海区九江镇大正路北15号,,,,
26432,中信金山湾花园,佛山市南海区里水镇-里水,,,,
26468,风度花园,佛山市南海区罗村街道罗湖中路3号,,,,
26475,尚观嘉园,佛山市南海区罗村街道罗村大道南3号,,,,
26485,广佛新世界庄园佛环路华仕半山,佛山市南海区大沥镇高尔夫路333号广佛新世界庄园,,,,
25708,桂丹颐景园,南海区丹灶镇桂丹西路21.22号,,,,
25567,樵山明珠花园,广东省佛山市南海区西樵镇樵华南路8号,,,,
24897,瑞安花园,佛山市南海区大沥镇黄岐广佛路南侧,,,,
27147,荟悦园,佛山市南海区大沥镇-岭南路63号,,,,
27141,盈信城市花园,佛山市南海区九江镇下北大道2号,,,,
27167,绿地香树花园,佛山市南海区里水镇-里水,,,,
25045,怡翠玫瑰园,佛山市南海区桂城街道季华七路2号,,,,
25070,黄岐第一城第三期,佛山市南海区大沥镇黄岐北环东路以南,,,,
25076,锦绣华庭,佛山市南海区狮山镇狮山办事处小小路1号,,,,
25087,锦绣北苑,佛山市南海区狮山镇狮山街道办事处科技北路1号,,,,
25092,碧桂园山水桃园,佛山市南海区里水镇大冲村展旗山脚,,,,
25106,绿琴花城（班芙）,佛山市南海区里水沙涌,,,,
25122,碧海湾花园,南海区平洲平西村上海村小组,,,,
25131,九龙小商品批发城,佛山市南海区大沥镇大沥水头九龙涌,,,,
25185,南海碧桂园,佛山市南海区大沥雅瑶横马岗,,,,
25307,银丰花园南区,南海区盐步广佛路横江路段,,,,
25318,名汇苑,南海区大沥沥苑路,,,,
25322,名都畔山华庭,"佛山市南海区丹灶镇仙岗经济社""沙教岗""地段",,,,
25332,天晟·海琴湾,佛山市南海区丹灶镇天晟·海琴湾,,,,
25377,新堤乐居,广东省佛山市南海区九江镇上西村委会新堤西路18号,,,,
25379,誉江华府,佛山市南海区九江镇江滨新区331号,,,,
25390,嘉裕豪庭,广东省佛山市南海区九江镇下北村委会大正路126号,,,,
25392,嘉裕雅轩,佛山市南海区九江镇洛浦大道1号,,,,
25394,东海广场,佛山市南海区丹灶镇联沙东海广场,,,,
25405,东海名都花园,佛山市南海区丹灶镇联沙东海名都花园,,,,
25414,金名都,佛山市南海区里水镇里广路6-8号,,,,
25422,永利花苑,佛山市南海区西樵镇樵金南路211号,,,,
25427,樵山美地花园,佛山市南海区西樵镇锦云路97号,,,,
25445,风度国际名苑,佛山市南海区大沥镇黄岐黄海路1号之三,,,,
25457,翠湖绿洲花园,佛山市南海区罗村街道贵隆路1号,,,,
25524,山林水语新城,佛山市南海区西樵镇西岸新城区新城中路北101号,,,,
25535,金安大厦,佛山市南海区桂城南海大道北20号,,,,
25537,嘉景华庭,佛山市南海区狮山镇松岗大道南18号,,,,
25549,聚居乐花苑,佛山市南海区西樵镇银杏路5号,,,,
25551,里水第一城,佛山市南海区里水镇沿江西路3号,,,,
25554,尚观御园,佛山市南海区罗村街道北湖一路9号,,,,
25573,金溪尚筑,佛山市南海区里水镇和顺官和路北二街2号,,,,
25577,承业大厦,广东省佛山市南海区桂城街道南平西路13号,,,,
25578,粤港金融科技园,佛山市南海区桂城街道金科路6号,,,,
25580,紫山花园,佛山市南海区里水镇里水大道南53号,,,,
25585,上林一品苑,佛山市南海区丹灶镇迎金一路1号,,,,
25590,美嘉广场,佛山市南海区大沥镇黄岐广佛路97号,,,,
25592,三山科创中心,广东省佛山市南海区桂城街道港口路12号,,,,
25594,沙龙名轩,广东省佛山市南海区九江镇沙头青平路10号,,,,
25597,创越时代文化创意园,佛山市南海区桂城街道夏南路61号,,,,
25603,安居楼,南海大道51区,,,,
25606,桂城俊雅花园,南海市桂城海五路、南海大道三胜河以北,,,,
25611,联华大厦,南海区桂城南海大道北16号,,,,
25613,长信银湾花园,佛山市南海区罗村街道罗村大道中2号,,,,
25626,和悦湾,南海区九江镇大正路南55号,,,,
25628,保利公馆,广东省佛山市南海区大沥镇岭南路83号,,,,
25638,南海万达华府,佛山市南海区桂城街道桂澜北路30号,,,,
25642,南海万达广场,佛山市南海区桂城街道桂澜北路28号,,,,
25648,汇豪嘉园,广东省佛山市南海区大沥镇盐步广佛路平地段89号,,,,
25654,城宇名轩,佛山市南海区狮山镇小塘塘新中路9号,,,,
25658,利海尖东半岛花园,广东省佛山市南海区桂城街道半岛路9号,,,,
25666,汇尚华庭,南海区丹灶镇科教路2号汇尚华庭,,,,
25668,风度广场,佛山市南海区罗村街道南湖二路4号,,,,
25682,碧玉名轩,佛山市南海区西樵镇崇南村大德路1号,,,,
25687,联诚香堤水岸,佛山市南海区里水镇里水大道中4号,,,,
25694,雅景华轩,佛山市南海区九江镇沙头桂香路,,,,
25706,中盈广场,佛山市南海区大沥镇金贸大道6号,,,,
25727,悦万广场,佛山市南海区桂城街道南海大道北46号,,,,
25733,中海千灯湖花园,桂城街道灯湖西路3号,,,,
25744,中海锦城国际花园,广东省佛山市南海区桂城街道海八东路1号,,,,
25750,凯欣名苑,佛山市南海区丹灶镇祥泰路1号凯欣名苑,,,,
25758,中旅岭南绿洲花园,广东省佛山市南海区西樵镇西岸庆云大道2号,,,,
25764,养生谷花园,广东省佛山市南海区西樵镇西岸庆云大道1号,,,,
25778,金域蓝湾,广东省佛山市南海区桂城街道半岛路11号,,,,
25822,景裕嘉园,广东省佛山市南海区大沥镇盐步街道穗盐东路1号,,,,
25829,新濠轩,佛山市南海区西樵镇紫薇路1号新濠轩,,,,
25831,新濠花苑,佛山市南海区西樵镇芙蓉路3号新濠花苑,,,,
25833,丽日世纪·金鼎,广东省佛山市南海区桂城街道桂澜路16号,,,,
25835,中企绿色总部中心,佛山市里水镇里水东部工业园区中金路1号中企绿色总部中心,,,,
25843,盈达百花名轩,佛山市南海区九江镇儒林东路87号,,,,
25847,金色溪谷花园,佛山市南海区里水镇旗峰路８号,,,,
25862,恒大金碧湾,佛山市南海区里水镇草场村,,,,
25869,星御名都,佛山市南海区里水镇里水大道北89号,,,,
25871,凯业尚筑,广东省佛山市南海区狮山镇小塘福源路4号,,,,
25876,依云曦城花苑,广东省佛山市南海区狮山镇科技北路3号,,,,
25887,依云天汇花苑,广东省佛山市南海区桂城街道南平路26号,,,,
26457,桂南银都,广东省佛山市南海区狮山镇文化中路5号,,,,
25898,盛业名轩,佛山市南海区罗村街道北湖二路2号盛业名轩,,,,
25900,澳锦名苑,南海丹灶镇金沙城区D4小区,,,,
25906,华南五金商厦,南海区金沙镇桂丹路南侧,,,,
25908,金沙教师楼,南海区丹灶镇金沙城区C-5小区,,,,
25909,樵晖名苑,佛山市南海区西樵镇银杏路8号,,,,
25916,畔山水岸,佛山市南海区西樵镇西岸,,,,
26641,仙湖盛世家园保安室（物管用房）,广东省佛山市南海区丹灶镇仙湖环湖路6号仙湖盛世家园保安室（物管用房）,,,,
26526,凯旋名门花园,佛山市南海区狮山镇科技北路5号,,,,
26776,名汇浩湖湾花园,佛山市南海区狮山镇虹岭四路8号名汇浩湖湾花园,,,,
27094,时代倾城（四期）,佛山市南海区罗村街道,,,,
26640,仙湖盛世家园11栋,广东省佛山市南海区丹灶镇仙湖环湖路6号仙湖盛世家园11座,,,,
26631,仙湖盛世家园2栋,广东省佛山市南海区丹灶镇仙湖环湖路6号仙湖盛世家园2座,,,,
26596,保利心语花园,广东省佛山市南海区桂城街道港口路2号,,,,
26597,北湖丽都,佛山市南海区罗村街道北湖一路7号,,,,
26600,<null>,佛山市南海区狮山镇-狮山,,,,
26606,领地海纳豪庭,佛山市南海区里水镇-里水,,,,
23625,富丰新城,佛山市南海区桂城街道石龙南路8号,,,,
26682,凯业名都,佛山市南海区狮山镇小塘永安路41号,,,,
26696,高逸华府,佛山市南海区九江镇-九江,,,,
26701,华南国际医疗器材产业中心,佛山市南海区罗村街道机场路11、17号,,,,
26767,聚元商业中心,佛山市南海区桂城佛平四路16号,,,,
26781,保捷广场,佛山市南海区九江镇-沙头,,,,
26664,岐海苑,佛山市南海区大沥镇-黄岐,,,,
26792,金德名轩,佛山市南海区丹灶镇金宁社区金业路5号42座,,,,
25756,华南国际金融中心,广东省佛山市南海区桂城街道海五路28号,,,,
25467,中信山语湖花园,佛山市南海区里水镇和顺美景水库地段,,,,
26891,智富大厦,佛山市南海区桂城街道-桂城,,,,
26581,国际创智园二区,佛山市南海区桂城街道-港口路8号,,,,
26484,花伴里雅苑,广东省佛山市南海区罗村街道朗新大道3号,,,,
25768,云山峰境花园,广东省佛山市南海区丹灶镇云峰路1号,,,,
26541,风尚蓝湾,佛山市南海区狮山镇-狮山中心城区狮城路2号,,,,
26469,雅瑶绿洲,佛山市南海区大沥镇雅瑶绿洲-大沥,,,,
26466,金名都,佛山市南海区里水镇,,,,
25698,领地海纳公馆,里水镇里水大道中5号,,,,
24379,雅瑶绿洲,佛山市南海区大沥镇雅瑶绿洲,,,,
26551,山海汇花园,佛山市南海区里水镇,,,,
26607,翠馨豪庭,佛山市三水区西南街道塘九路南17号,,,,
25635,万科金域国际花园,桂城街道桂澜中路23号,,,,
28064,思贤雅筑,佛山市南海区狮山镇小塘园丁路56号,,,,
26706,金色领域广场,佛山市南海区桂城街道佛平三路1号,,,,
28069,碧桂园三水华府,佛山市三水区西南街道广海大道西北侧地块,,,,
26637,仙湖盛世家园8栋,广东省佛山市南海区丹灶镇仙湖环湖路6号仙湖盛世家园8座,,,,
26622,耀逸名轩,佛山市三水区大塘镇大沙半岛东路9号,,,,
27162,三水花园酒店附楼二期,佛山市三水区西南街道力宝街5—12座,,,,
24609,中南海晖城,佛山市南海区狮山镇白沙桥村,,,,
27051,信基广场,佛山市南海区九江镇-九江,,,,
27122,富罗恩斯广场,佛山市南海区桂城街道疏港路28号,,,,
27126,承创大厦,佛山市南海区桂城街道-,,,,
27142,<null>,<null>,,,,
26603,腾大时代广场,佛山市南海区狮山镇狮城路11号,,,,
26611,龙光君悦龙庭,佛山市南海区罗村街道罗村大道南12号,,,,
26621,黄金花园黄金苑（二期）DE座,佛山市三水区白坭镇黄金大道38号,,,,
26626,仙湖盛世家园1栋,广东省佛山市南海区丹灶镇仙湖环湖路6号仙湖盛世家园1座,,,,
26634,仙湖盛世家园5栋,广东省佛山市南海区丹灶镇仙湖环湖路6号仙湖盛世家园5座,,,,
26635,仙湖盛世家园6栋,广东省佛山市南海区丹灶镇仙湖环湖路6号仙湖盛世家园6座,,,,
26636,仙湖盛世家园7栋,广东省佛山市南海区丹灶镇仙湖环湖路6号仙湖盛世家园7座,,,,
26639,仙湖盛世家园10栋,广东省佛山市南海区丹灶镇仙湖环湖路6号仙湖盛世家园10座,,,,
26695,荟珑湾花苑,佛山市南海区大沥镇盐步横江村委会地段,,,,
26438,天晨商业大厦,佛山市南海区桂城街道-桂城,,,,
26638,仙湖盛世家园9栋,广东省佛山市南海区丹灶镇仙湖环湖路6号仙湖盛世家园9座,,,,
26571,<null>,<null>,,,,
26711,金莎华府,佛山市南海区丹灶镇,,,,
26723,嘉邦国金中心,佛山市南海区桂城街道-平洲,,,,
26727,南海怡丰城,佛山市南海区桂城街道-平洲,,,,
26728,宇佳水岸新都花园,佛山市南海区桂城街道-桂城-千灯湖-中央大街北侧,,,,
26961,绿琴花城班芙温泉小城,佛山市南海区里水镇-里水,,,,
26821,御水岸花园,佛山市南海区桂城街道南港大街御水岸花园,,,,
26942,润立丽苑,佛山市南海区西樵镇百西村建新路29、30号,,,,
26971,力合科技产业中心,佛山市南海区狮山镇-狮山镇桃园东路99号,,,,
26979,风度盛荟广场,佛山市南海区大沥镇振兴路7号风度盛荟广场,,,,
26996,大沥碧桂园华府,佛山市南海区大沥镇行政金融中心区地段,,,,
26836,泓信华府,佛山市南海区沙头水南桂香路东侧,,,,
26866,丽雅嘉园,佛山市南海区桂城街道-桂城,,,,
26951,右岸花园（欧雅右岸春天）,三水区西南街道碧雅路1号右岸花园,,,,
27002,中南海晖花园,南海区里水镇里和公路白岗路段西侧,,,,
27026,荟映花园,佛山市南海区狮山镇-狮山,,,,
27017,中盛大厦,佛山市南海区桂城街道桂澜北路4号,,,,
27071,天安中心,佛山市南海区桂城街道-桂城,,,,
26911,珑悦花园,佛山市南海区桂城街道-桂城街道季华路南侧，桂澜路西侧D11街区,,,,
26931,保利紫山国际花苑,佛山市南海区里水镇-里水,,,,
26926,南海西岸旅游产业园五星级酒店,佛山市南海区西樵镇-西樵,,,,
26966,保利中景花园,佛山市三水区西南街道,,,,
27032,晓峰轩,佛山市南海区狮山镇狮山城区,,,,
27046,澳盈商务中心,佛山市三水区西南街道,,,,
26801,御雅轩,佛山市南海区狮山镇松岗大道北333号,,,,
26952,成功花园,佛山市三水区芦苞镇,,,,
26987,狮山镇小塘城区兴祥东邨恒顺楼,佛山市南海区狮山镇-小塘,,,,
27077,依云置地中心,广东省佛山市南海区桂城街道桂澜北路26号,,,,
27088,美尚轩,佛山市三水区西南街道塘福路6号,,,,
27092,力迅领筑,广东省佛山市南海区狮山镇罗村北湖一路18号,,,,
27593,三水万达广场,佛山市三水区云东海街道南丰大道翠云路,,,,
27033,中南海晖花园,南海区里水镇和顺里和公路白岗路段西侧（土名）“白蒙桥”地段,,,,
27153,新凯广场,佛山市南海区桂城街道A27街区02地块,,,,
27111,领地海纳豪苑,佛山市南海区里水镇-里水,,,,
27113,依云公馆,佛山市南海区九江镇大正北路8号,,,,
27132,承创大厦,佛山市南海区桂城街道灯湖东路10号,,,,
27143,<null>,<null>,,,,
27242,世爵府邸,佛山市南海区西樵镇-西樵,,,,
27245,盛凯尚苑,佛山市三水区乐平镇乐华路29号,,,,
27187,依云华府,佛山市南海区狮山镇罗村管理处北湖一路“信友产业园”地段,,,,
27222,长信帝景峰豪园,佛山市南海区狮山镇广云路313号,,,,
27283,华茂大厦,佛山市三水区西南街道鲁村村民委员会“黎应基头”,,,,
27267,光明花半里雅筑,广东省佛山市南海区狮山镇罗村大道南1号,,,,
27307,融创熙园,佛山市三水区乐平镇创新大道东3号,,,,
27313,中海锦苑,广东省佛山市南海区桂城街道大德路3号,,,,
27292,中海寰宇天下花园,广东省佛山市南海区桂城街道桂澜中路18号,,,,
27262,博雅滨江花园,佛山市三水区西南街道文锋西路55号,,,,
27318,欧浦金属交易港,佛山市南海区九江镇大伸工业区地段,,,,
27199,越秀星汇云锦广场,佛山市南海区桂城街道-桂城,,,,
27383,聚豪雅居,佛山市南海区西樵镇樵乐路82号,,,,
28549,康怡商业大楼,佛山市南海区桂城街道永安北路永盛街2号,,,,
27393,悦荔花园,广东省佛山市南海区大沥镇盐步河东中心路悦荔花园,,,,
27378,宇能数码广场,佛山市南海区里水镇-里水大道南46号,,,,
28574,华亚广场,佛山市南海区大沥镇桂和路水头路段38号,,,,
27227,十里尚堤花园,佛山市南海区里水镇-沙涌上沙村,,,,
28639,万豪大厦,佛山市三水区大塘镇大布沙大兴大道中98号,,,,
27192,江帆花园,佛山市三水区白坭镇,,,,
26857,联达大厦,佛山市南海区桂城街道-桂城,,,,
26871,君湖天下花园,佛山市南海区罗村街道北湖二路8号,,,,
26886,尚观公馆,佛山市南海区罗村街道南湖二路2号,,,,
28894,<null>,<null>,,,,
27093,力迅雅筑,广东省佛山市南海区狮山镇罗村北湖一路16号,,,,
27006,海逸桃源花园,佛山市南海区狮山镇-松岗,,,,
27034,恒业楼,佛山市南海区狮山镇-小塘,,,,
26840,盈信御海名筑,佛山市南海区九江镇新堤西路23号,,,,
26916,长信御景峰豪园,佛山市南海区里水镇-里水,,,,
27076,阳光国际广场,佛山市南海区桂城街道桂澜中路16号,,,,
27007,名澳汇锦桃园,佛山市南海区狮山镇松岗大道北332号,,,,
27067,中企绿色总部中心,佛山市南海区里水镇-东部工业园区中金路1号中企绿色总部中心,,,,
27101,<null>,<null>,,,,
27202,景观花园,佛山市南海区西樵镇-西樵,,,,
27232,领地海纳君庭,佛山市南海区大沥镇-大沥,,,,
27423,亿能国际广场,佛山市南海区桂城街道桂澜北路2号,,,,
27488,鸿港湾公馆,佛山市南海区九江镇康宁路18号,,,,
27513,和富博湖轩,佛山市南海区狮山镇红星南路17号,,,,
27543,荣基嘉园,佛山市南海区九江镇-九江大正路北23号,,,,
27212,华瑞帝景湾花园,佛山市三水区西南街道三达南路1号,,,,
27287,金爵士广场,广东省佛山市南海区丹灶镇丹横路5号金爵士广场,,,,
27312,湖岸豪庭,佛山市南海区狮山镇罗村管理处北湖二路7号,,,,
27324,国华新都,佛山市南海区大沥镇太平大道8号,,,,
27197,三盛颐景园,佛山市南海区西樵镇-西樵,,,,
27343,西樵纺织科技大厦,佛山市南海区西樵镇-西樵,,,,
27358,樵山明珠公馆,佛山市南海区西樵镇爱国村杏头村“独岗边”,,,,
27123,龙汇大厦,佛山市南海区大沥镇毅贤路8号,,,,
27282,敏捷天骄苑,佛山市南海区大沥镇-黄岐,,,,
27373,中旅银湾花园,佛山市南海区西樵镇-西樵镇西岸旅游产业园（A区）地段,,,,
27334,方舟建筑产业中心,广东省佛山市南海区桂城街道夏南路58号,,,,
25424,聚兴花园,佛山市南海区西樵镇银杏路12号,,,,
27438,海浩商务大厦,佛山市南海区大沥镇-黄岐西环路3号,,,,
27468,恒福新里程花园,佛山市三水区云东海街道德兴北路1号,,,,
27473,联东优谷园,佛山市南海区丹灶镇大金智地一期地块,,,,
27483,樵岭国际商业中心,佛山市南海区西樵镇-西樵江浦东路26号,,,,
27538,明智雅苑,佛山市三水区云东海街道明海路1号,,,,
27548,双汇广场,佛山市三水区南山镇,,,,
27081,樵岭国际商业中心,佛山市南海区西樵镇-西樵江浦东路26号,,,,
27413,万悦新都,佛山市南海区狮山镇-小塘,,,,
27573,三水德保豪庭,佛山市三水区西南街道文锋西路28号,,,,
28384,康怡雅居,佛山市南海区桂城街道永安中路113号,,,,
27683,南山侨苑,佛山市三水区南山镇择善路2号,,,,
28634,海创大厦,佛山市南海区桂城街道-桂城,,,,
28644,<null>,<null>,,,,
27403,万怡新都,佛山市南海区狮山镇-小塘兴祥东邨,,,,
27418,紫悦明都,佛山市南海区狮山镇小塘三环东地段,,,,
27493,广顺新能源科技大厦,佛山市南海区丹灶镇南海生态工业示范园区,,,,
27688,坚美展贸大厦,佛山市南海区大沥镇广佛国际商贸城中心区,,,,
27733,海奥公馆,佛山市南海区狮山镇科技北路6号,,,,
27398,三星金融大厦,佛山市南海区里水镇-里水大道南30号,,,,
27408,桐林美苑,佛山市南海区大沥镇-盐步盐秀路南井路段,,,,
27433,金域花园,佛山市南海区桂城街道-桂城,,,,
27478,保利紫山国际花苑,佛山市南海区里水镇里水大道南53号,,,,
27744,智联电商采购中心,佛山市南海区大沥镇-大沥,,,,
27813,观山上岛花园,佛山市南海区西樵镇樵高路2号观山上岛花园,,,,
27908,万景豪园,佛山市三水区云东海街道鲁村路6号,,,,
27728,中铁建水岸公馆,佛山市南海区桂城街道-融津路4号,,,,
27923,樵汇花园,佛山市南海区西樵镇官太路9号,,,,
22786,天安鸿基花园,南海区松岗镇南国桃园,,,,
25435,凰樵假日,佛山市南海区西樵镇江浦西路112号,,,,
25652,宏宇景裕豪园,广东省佛山市南海区桂城街道60街区,,,,
28104,<null>,<null>,,,,
27959,兆丰豪庭,佛山市三水区西南街道芒果岗地块,,,,
27843,丽善轩,佛山市三水区西南街道中心城区十六小区地块十五,,,,
27883,明浦居,佛山市南海区九江镇洛浦大道63号明浦居,,,,
28094,中海寰宇天下花园,佛山市南海区桂城街道-,,,,
28109,时代廊桥苑,佛山市南海区桂城街道-灯湖西路7号,,,,
28119,瀚蓝广场,佛山市南海区桂城街道-广东省金融高新区B区中央大街北侧,,,,
28004,雅居乐御景豪庭,佛山市南海区大沥镇振兴路80号雅居乐御景豪庭,,,,
27788,天海城市花园,佛山市南海区大沥镇竹基南路16号,,,,
27994,广佛新世界庄园凯璟湾,佛山市南海区狮山镇高尔夫路333号广佛新世界庄园20区,,,,
27829,佰德广场,佛山市南海区大沥镇-盐步,,,,
28009,碧堤雅苑,佛山市三水区西南街道西南涌右岸一号地,,,,
27888,华盛圆坊名荟花园,佛山市三水区乐平镇范湖村民委员会骆村“大头院布”（土名）,,,,
28054,汇信华府,佛山市三水区西南街道建设二路3号,,,,
27930,三水新动力广场,佛山市三水区西南街道西青大道8号A地块,,,,
28014,御澳湾豪庭,佛山市三水区乐平镇范湖新政路12号御澳湾豪庭,,,,
28089,长华国际商业中心,佛山市南海区狮山镇博爱中路68号,,,,
21175,锦溢豪庭,佛山市三水区乐平镇新平一街1号,,,,
21233,雍翠新城君临,佛山市三水区乐平镇乐南路3号,,,,
22707,骏颖居商住楼,南海市盐步区盐步大道西侧,,,,
27450,沙南轩,佛山市南海区九江镇-沙头,,,,
27554,中海万锦熙岸花园,广东省佛山市南海区桂城街道环岛东路1号,,,,
27608,恒福天悦花园,佛山市南海区狮山镇-狮山,,,,
27588,云山峰境花园项目幼儿园,佛山市南海区丹灶镇云峰路1号云山峰境花园幼儿园,,,,
27939,珍丰广场,佛山市南海区丹灶镇商业大道1号,,,,
27524,桂南雅都,佛山市南海区九江镇-大正路南72号,,,,
21383,恒达花园,三水区西南街道十三小区1号地块,,,,
27893,富丰广场,广东省佛山市南海区桂城街道佛平四路1号,,,,
27658,乐趣荟广场,佛山市南海区大沥镇-大沥,,,,
27653,中海金沙里花园,佛山市南海区里水镇草场村白塔村民小组地段,,,,
27663,珑耀华府,佛山市南海区大沥镇盐步蟾龙北路1号,,,,
27668,西樵江滨花园锦绣龙湾,佛山市南海区西樵镇北江大堤路6号,,,,
27704,百利达广场,佛山市三水区云东海街道南丰大道3号,,,,
27558,尚悦公馆,佛山市南海区大沥镇-盐步,,,,
27528,圆坊都荟,佛山市三水区乐平镇,,,,
27603,伟业华誉豪庭,佛山市南海区大沥镇-大沥,,,,
27643,中汇大厦,佛山市南海区桂城街道南二路18号,,,,
27713,怡翠尊堤,佛山市南海区大沥镇奇槎“老鼠墩”、“狮头”地段,,,,
28264,金域雅园,佛山市南海区桂城街道气象路20号,,,,
28279,广佛新世界庄园上城,佛山市南海区狮山镇高尔夫路333号广佛新世界庄园上城,,,,
28294,长信公馆,佛山市南海区里水镇里广路170号,,,,
28301,恒大曦苑,佛山市南海区大沥镇-大沥,,,,
28314,珑门广场,佛山市南海区大沥镇-大沥,,,,
27753,恒湖轩,佛山市南海区狮山镇高尔夫路338号,,,,
27773,金域城东花园,佛山市南海区桂城街道宝石东路8号,,,,
27778,京华广场,佛山市南海区桂城街道融和路16号,,,,
27834,骊骏华轩,佛山市南海区九江镇-沙头,,,,
23679,和丰颖苑,佛山市南海区丹灶镇-丹灶,,,,
27929,万豪大厦,佛山市三水区大塘镇大兴大道中98号,,,,
27969,时代廊桥花园,佛山市三水区西南街道建设一路17号,,,,
27903,碧善轩,佛山市三水区西南街道,,,,
27974,时代廊桥花园,佛山市三水区西南街道建设一路17号,,,,
28024,松晖名苑,佛山市南海区狮山镇松岗松石路1号,,,,
28114,星星大厦,佛山市南海区桂城街道文华北路48号,,,,
28084,利嘉阁,广东省佛山市南海区桂城街道夏东大道以东，夏平路以北地段,,,,
27763,润丰花园,佛山市南海区大沥镇-盐步联安村“汪波里”“六亩头”地段,,,,
27708,恒福丽铂公馆,佛山市三水区西南街道三达路10号,,,,
27808,新南达大厦,佛山市南海区狮山镇官窑永安大道东2号,,,,
27979,保利中韵花园,佛山市三水区西南街道,,,,
28144,鸿安花园,佛山市三水区西南街道西青大道23号,,,,
26986,丽日广场,广东省佛山市南海区桂城街石石肯村一村东东便围工业区地段,,,,
28274,三山智汇广场,佛山市南海区桂城街道环岛西路16号,,,,
28219,莱福花园,佛山市三水区大塘镇玉塘路1号,,,,
28254,欧浦指日美景花园,佛山市南海区狮山镇广云路308号,,,,
28159,<null>,<null>,,,,
28134,悦珑水岸花园,佛山市南海区西樵镇-西樵,,,,
28164,御堡国际商务中心,佛山市南海区桂城街道-清风中路B22街区地块,,,,
22407,黄岐沙面新城,佛山市南海区大沥镇黄岐海北大道,,,,
28369,十里尚堤南苑,佛山市南海区里水镇沙涌社区居民委员会上沙涌路37号,,,,
28235,<null>,<null>,,,,
28509,金域缇香花园,佛山市南海区里水镇-沙涌村湖洲村民小组地段,,,,
28414,盛凯尚轩,佛山市三水区乐平镇乐华路45号,,,,
28194,广佛新世界庄园上城,佛山市南海区狮山镇高尔夫路333号广佛新世界庄园,,,,
28299,和华汇商业大楼,佛山市南海区大沥镇-盐步,,,,
28309,禾粤尚德居,佛山市南海区狮山镇和众路3号禾粤尚德居,,,,
28759,明智大厦,佛山市三水区西南街道三兴路16号明智大厦,,,,
28460,广瑞豪庭,佛山市南海区大沥镇-盐步,,,,
28389,富筑公馆,佛山市南海区桂城街道叠北新约村“石肯丫田”,,,,
28374,南舜广场,佛山市南海区桂城街道-桂城,,,,
28390,瀚洋居,佛山市三水区西南街道锦欣路2号,,,,
28404,金域名都,佛山市南海区桂城街道海八路以南、佛山一环以东（一环东）,,,,
28419,当代摩码花园,佛山市南海区桂城街道-广东金融高新区B区03-02-08地块,,,,
28449,御秀大厦,佛山市南海区大沥镇盐步穗盐路涌表村“扇面北”,,,,
28259,保利滨湖花园,佛山市南海区桂城街道-平洲,,,,
28434,丹灶碧桂园,佛山市南海区丹灶镇工业大道18号,,,,
28514,融御花园,佛山市南海区大沥镇岭南路88号,,,,
28774,中富创意产业中心,佛山市南海区狮山镇狮山科技工业园C区狮山大道十三号之一,,,,
28674,保利麓园,广东省佛山市南海区狮山镇科技西路5号,,,,
28784,长信御景华府,佛山市南海区里水镇-和顺沿江北路地段,,,,
28829,林和商业中心,广东省佛山市南海区里水镇文教村文金路1号,,,,
28864,誉尚轩,佛山市南海区九江镇-九江,,,,
28835,观心山居,佛山市南海区西樵镇-西樵,,,,
28524,钜隆君玺花园,佛山市三水区乐平镇乐南路8号,,,,
28605,文澜府,佛山市南海区大沥镇-大沥,,,,
28696,嘉裕名轩,佛山市南海区九江镇-九江教育路42号,,,,
28699,桂南尚都,佛山市南海区九江镇大正路南74号,,,,
28659,桂城总商会大厦,佛山市南海区桂城街道人民路1号桂城总商会大厦,,,,
28689,华亚金融中心,佛山市南海区桂城街道灯湖东路8号,,,,
28849,<null>,<null>,,,,
28879,美的翰湖苑,佛山市南海区丹灶镇建沙路西三区1号,,,,
28744,时代富锦花园,佛山市南海区桂城街道南一路4号,,,,
28464,广瑞豪庭,佛山市南海区大沥镇-盐步南海火柴厂地段,,,,
28474,保利雅苑,佛山市南海区桂城街道桂澜路以东,,,,
28654,熹云水岸花园,广东省佛山市南海区大沥镇四季路2号,,,,
28679,上林观湖苑,佛山市南海区狮山镇官窑永安大道西232号,,,,
28479,星港国际广场,佛山市南海区大沥镇-黄岐建设大道星港国际广场,,,,
28544,恒大北江华苑,佛山市三水区西南街道西青大道8号B地块,,,,
28664,新澳商务大厦,佛山市南海区大沥镇盐步蟾龙路2号,,,,
28709,<null>,<null>,,,,
28724,绿地丽雅香榭花苑,佛山市南海区狮山镇小塘三环东路10号,,,,
28499,鸿业畔湖居,佛山市南海区狮山镇虹岭路236号,,,,
28154,美思广场,佛山市南海区大沥镇盐步穗盐路涌表村“扇面北”中国南方时尚城一号地块,,,,
28364,奥园君珆花园,佛山市南海区桂城街道-金科路3号,,,,
28769,万豪大厦,佛山市三水区大塘镇,,,,
28800,<null>,<null>,,,,
28559,碧桂悦府,佛山市南海区西樵镇樵高路12号,,,,
28494,恒大御湖湾花苑,佛山市南海区西樵镇-西樵,,,,
28504,绿地香颂公馆,佛山市南海区大沥镇太平社区体育西路以西、体育南路以南地段,,,,
28569,谊泰雅苑,佛山市三水区云东海街道鲁村路10号,,,,
28204,中铁建水岸花园,佛山市南海区桂城街道-桂城融和路12号,,,,
28234,<null>,<null>,,,,
28039,盛凯尚府,佛山市三水区乐平镇,,,,
28249,禾粤尚德居1-23栋,佛山市南海区狮山镇-狮山黄洞村,,,,
28324,中海山湖豪庭,佛山市南海区西樵镇-西樵,,,,
28334,大正小成广场,佛山市南海区桂城街道桂澜南路47号,,,,
28224,杰胜公馆,佛山市南海区西樵镇-官山城区江浦路以南、高街西大街地段,,,,
28270,和华大楼,佛山市南海区大沥镇-盐步,,,,
28284,时代水岸花园,佛山市南海区大沥镇-黄岐沿江路163号,,,,
28420,珠水豪庭,佛山市南海区大沥镇-黄岐,,,,
28429,金色诚悦花园,佛山市南海区桂城街道海八路北侧63号地段,,,,
28764,时代水岸尚苑,佛山市南海区大沥镇-黄岐,,,,
28799,<null>,<null>,,,,
28854,瀚蓝广场,佛山市南海区桂城街道融和路23号,,,,
28754,承展大厦,佛山市南海区桂城街道-海四路19号承展大厦,,,,
28869,时代百盈达花园,佛山市三水区西南街道,,,,
28804,恒大梓林花园,佛山市三水区西南街道河口邓石？地块三、地块四,,,,
28734,康怡名居,佛山市南海区桂城街道-大圩社区永安北路永盛街5号,,,,
28779,恒锦新天地公馆,佛山市南海区狮山镇松夏工业园工业大道东19号,,,,